p_val,avg_log2FC,pct.1,pct.2,p_val_adj,cluster,gene
0,1.2124111012632062,0.41,0.206,0,0,AL391056.1
0,1.130220523125412,0.292,0.158,0,0,REG4
0,1.0340435811495503,0.417,0.214,0,0,NT5E
0,0.9325698006576852,0.97,0.631,0,0,CD8B
0,0.9064125729546058,0.536,0.339,0,0,CLIC3
0,0.8487188810967483,0.393,0.244,0,0,MT1F
0,0.8400845961155547,0.953,0.629,0,0,CD8A
0,0.8365528241390066,0.958,0.799,0,0,MAL
0,0.7922482785013313,0.604,0.408,0,0,LINC02446
0,0.7553641339937959,0.297,0.215,0,0,KRT7
0,0.7386344685559028,0.385,0.24,0,0,C11orf21
0,0.7376933231576319,0.406,0.259,0,0,NECAB3
0,0.7299583485180341,0.764,0.582,0,0,TNFSF8
0,0.6972703785912366,0.936,0.72,0,0,NELL2
0,0.6916582702454992,0.483,0.311,0,0,TSPAN32
0,0.686047006026123,0.983,0.916,0,0,PCED1B-AS1
0,0.6778466670005194,0.291,0.192,0,0,AC013264.1
0,0.6689102296374139,0.308,0.185,0,0,KLRC4
0,0.6687884645192637,0.259,0.173,0,0,AC127521.1
0,0.6683157010351031,0.633,0.459,0,0,SNHG32
0,0.6643156789612676,0.804,0.647,0,0,PTGER2
0,0.6614886348548112,0.577,0.416,0,0,MT1X
0,0.6569362844005922,0.565,0.37,0,0,PECAM1
0,0.6413171094639856,0.256,0.167,0,0,DBN1
0,0.635090752799255,0.357,0.289,0,0,OSM
0,2.813933526661999,0.52,0.093,0,1,IGFBP2
0,2.4737956199642452,0.28,0.052,0,1,FGF11
0,2.0544365531837974,0.635,0.233,0,1,FGFBP2
0,2.0393005811287277,0.269,0.043,0,1,SDK2
0,2.026376767313355,0.431,0.1,0,1,PFKFB4
0,2.000078706335257,0.354,0.082,0,1,VEGFA
0,1.9924429529421779,0.829,0.269,0,1,AK4
0,1.8989755013432519,0.717,0.194,0,1,MIR210HG
0,1.8700991091681038,0.803,0.324,0,1,ALDOC
0,1.6667119146894678,0.343,0.106,0,1,AC097534.2
0,1.6341188505974862,0.998,0.879,0,1,GPI
0,1.5754612455327295,0.977,0.609,0,1,BNIP3L
0,1.5743777921521074,0.851,0.443,0,1,BNIP3
0,1.5656857222511071,0.934,0.604,0,1,FAM162A
0,1.5495860201435305,0.892,0.436,0,1,P4HA1
0,1.522533804539354,0.337,0.12,0,1,HK2
0,1.5142554052642594,0.867,0.481,0,1,SLC16A3
0,1.4510083123454567,0.545,0.198,0,1,HIF1A-AS3
0,1.4473808691573624,0.4,0.155,0,1,FAM153CP
0,1.4297178669300368,0.688,0.277,0,1,AC078883.1
0,1.3779966782725888,0.999,0.945,0,1,PGK1
0,1.3361751888467315,0.91,0.732,0,1,MKNK2
0,1.3214494104110166,0.38,0.158,0,1,ANKRD37
0,1.3213048171091408,0.275,0.113,0,1,HILPDA
0,1.2861804239034236,0.599,0.336,0,1,HIC1
0,3.1659197786820306,0.296,0.04,0,2,AC139720.1
0,2.8552416450464255,0.752,0.106,0,2,CD4
0,2.5293912531877103,0.412,0.079,0,2,CYSLTR1
0,2.4025724019018257,0.664,0.159,0,2,CD40LG
0,2.3914524658324683,0.565,0.163,0,2,CCR4
0,2.089969884571614,0.378,0.101,0,2,GPR183
0,1.8621218614631114,0.292,0.084,0,2,TNFRSF4
0,1.8496030545641213,0.28,0.075,0,2,TSHZ2
0,1.827587461126916,0.375,0.123,0,2,MAF
0,1.7475605156353027,0.296,0.106,0,2,TNFSF13B
0,1.6104970931911846,0.256,0.091,0,2,PTGIR
0,1.6007413450170607,0.352,0.128,0,2,CSGALNACT1
0,1.5942596909839604,0.271,0.118,0,2,SNED1
0,1.5808534587955108,0.329,0.116,0,2,ZBTB7B
0,1.5270952482151245,0.28,0.102,0,2,PDE7B
0,1.4929628652152342,0.714,0.39,0,2,INPP4B
0,1.4419844888106734,0.487,0.231,0,2,PALM2-AKAP2
0,1.289772844090185,0.374,0.189,0,2,CD59
0,1.2689516582669598,0.25,0.099,0,2,FAAH2
0,1.2043813558867766,0.458,0.24,0,2,ADI1
0,1.1309544637955955,0.55,0.319,0,2,LGALS3BP
0,1.1263340950666183,0.491,0.291,0,2,LINC00861
0,1.0943998884113784,0.469,0.355,0,2,ITGB1
0,1.084534560931979,0.264,0.185,0,2,CTSH
0,1.054475749381968,0.374,0.23,0,2,BEX3
0,3.8018153343670775,0.391,0.05,0,3,HIST1H2AI
0,3.563273317007959,0.702,0.126,0,3,HIST1H4F
0,3.5089478016950677,0.902,0.121,0,3,HIST1H3G
0,3.3074858723948255,0.78,0.131,0,3,HIST1H3C
0,3.2791138148445436,0.895,0.212,0,3,HIST1H2AL
0,3.1855491254981594,0.936,0.171,0,3,HIST1H3B
0,3.1529777762019426,0.744,0.185,0,3,HIST1H2BF
0,3.1389167584943842,0.4,0.074,0,3,HIST1H2AB
0,3.1227550081878634,0.53,0.101,0,3,HIST2H2AB
0,2.960474831783258,0.439,0.082,0,3,HIST1H2AJ
0,2.9184831340122273,0.65,0.178,0,3,HIST1H3H
0,2.84455290337011,0.445,0.094,0,3,HIST1H4I
0,2.770370634217739,0.47,0.123,0,3,HIST1H4H
0,2.7468701701423375,0.625,0.144,0,3,HIST1H2BH
0,2.7064972652288426,0.931,0.366,0,3,HIST1H3D
0,2.6194544876102155,0.699,0.137,0,3,HIST1H3F
0,2.5403018058773545,0.98,0.345,0,3,HIST1H1B
0,2.521538540571947,0.332,0.079,0,3,HIST2H2BF
0,2.5186642057949733,0.862,0.302,0,3,HIST1H2AG
0,2.4671987088632155,0.42,0.112,0,3,HIST1H4D
0,2.4278594507548914,0.471,0.152,0,3,HIST1H2AE
0,2.4170126384058674,0.324,0.074,0,3,ENTPD1
0,2.398855031004218,0.304,0.077,0,3,E2F7
0,2.394056224788104,0.996,0.917,0,3,HIST1H1E
0,2.3164052918015408,0.55,0.183,0,3,HIST1H2AK
0,3.0438363220016615,0.872,0.14,0,4,GINS2
0,2.716578655088722,0.895,0.176,0,4,MCM2
0,2.613209136403145,0.981,0.291,0,4,MCM5
0,2.56649178421809,0.658,0.113,0,4,PAQR4
0,2.5652767213146466,0.782,0.195,0,4,UNG
0,2.4966598479157236,0.281,0.04,0,4,TEDC2
0,2.453172435217961,0.261,0.039,0,4,HPDL
0,2.432269186798521,0.857,0.205,0,4,E2F1
0,2.4220064894957813,0.929,0.237,0,4,MCM4
0,2.3897782245527983,0.897,0.186,0,4,CDT1
0,2.3882774854250286,0.716,0.157,0,4,UHRF1
0,2.301631171809264,0.929,0.295,0,4,MCM6
0,2.3011670942981213,0.637,0.117,0,4,CDC45
0,2.296200621321896,0.769,0.158,0,4,CHEK1
0,2.2843017103666394,0.976,0.337,0,4,MCM7
0,2.2572513390211375,0.254,0.044,0,4,ANKRD9
0,2.218319095268014,0.863,0.221,0,4,FEN1
0,2.186783124524597,0.516,0.097,0,4,SLC29A1
0,2.184267033510173,0.643,0.124,0,4,CDC6
0,2.1761031576633343,0.556,0.109,0,4,ORC6
0,2.174874856833059,0.559,0.106,0,4,FAM111B
0,2.153835502062756,0.636,0.138,0,4,TCF19
0,2.113707539659348,0.403,0.077,0,4,IMPA2
0,2.1120132787957644,0.526,0.103,0,4,MCM10
0,2.1107142595704724,0.708,0.147,0,4,DTL
0,2.7154406452099327,0.799,0.144,0,5,CD4
0,2.529510027403234,0.465,0.096,0,5,CYSLTR1
0,2.469683641743961,0.472,0.112,0,5,GPR183
0,2.118796902046631,0.345,0.083,0,5,TSHZ2
0,2.0520478501910677,0.414,0.104,0,5,VEGFA
0,2.029358775141259,0.42,0.141,0,5,ACTN1
0,1.9918985000765883,0.782,0.24,0,5,MIR210HG
0,1.9628687610506308,0.279,0.075,0,5,FGF11
0,1.951865025239766,0.718,0.298,0,5,TSC22D3
0,1.9276824269072017,0.394,0.125,0,5,AC097534.2
0,1.890826852220349,0.321,0.126,0,5,HILPDA
0,1.8203056337362122,0.895,0.479,0,5,BNIP3
0,1.7271058858801198,0.998,0.89,0,5,GPI
0,1.725149661742864,0.398,0.144,0,5,IGFBP2
0,1.7081447721176442,0.325,0.11,0,5,PDE7B
0,1.695463584873757,0.402,0.126,0,5,FAM13A
0,1.6904670733662273,0.941,0.692,0,5,CORO1B
0,1.6784264544617,0.44,0.175,0,5,ANKRD37
0,1.6376520945916089,0.27,0.101,0,5,GPR146
0,1.625284887003235,0.401,0.134,0,5,PFKFB4
0,1.582091061207389,0.619,0.195,0,5,CD40LG
0,1.5403803406057848,0.983,0.644,0,5,BNIP3L
0,1.5397011193672037,0.354,0.14,0,5,HK2
0,1.5151504339486068,0.925,0.477,0,5,P4HA1
0,1.5130628647887499,0.434,0.176,0,5,FAM153CP
0,5.187826776695922,0.323,0.025,0,6,TRGV9
0,4.75604518113795,0.375,0.021,0,6,PLEK
0,4.672087200871771,0.361,0.032,0,6,GZMH
0,4.464585865256881,0.459,0.036,0,6,KLRD1
0,4.308822867775302,0.345,0.029,0,6,TRDC
0,4.308291163247444,0.379,0.039,0,6,TRGC1
0,3.7634227237217415,0.4,0.08,0,6,GZMK
0,3.7323566505986454,0.676,0.229,0,6,GNLY
0,3.621512644555843,0.504,0.075,0,6,TRGC2
0,3.4395429518629017,0.294,0.07,0,6,KLRB1
0,3.4317253406612176,0.44,0.047,0,6,CCL4
0,3.1803969198312454,0.374,0.057,0,6,TIGIT
0,3.0657926159575264,0.913,0.442,0,6,CST7
0,2.9828367685330908,0.431,0.125,0,6,KLRG1
0,2.943048298632481,0.328,0.092,0,6,KLRC2
0,2.827277002874533,0.917,0.63,0,6,NKG7
0,2.8121722794643977,0.255,0.06,0,6,EOMES
0,2.7390867704663684,0.458,0.144,0,6,HLA-DQA1
0,2.6730484459689876,0.415,0.101,0,6,F2R
0,2.650213498495572,0.331,0.093,0,6,HLA-DQA2
0,2.459487415931673,0.993,0.788,0,6,CCL5
0,2.4502871069894154,0.307,0.077,0,6,CD244
0,2.411995240267509,0.688,0.308,0,6,LYAR
0,2.305793431395164,0.269,0.108,0,6,RTKN2
0,2.2524078579368663,0.731,0.366,0,6,HLA-DRB5
0,4.474231851161669,0.984,0.108,0,7,UBE2C
0,4.298628647064596,0.854,0.052,0,7,CDCA3
0,4.06034406919708,0.904,0.069,0,7,AURKB
0,4.016207928608523,0.79,0.055,0,7,MXD3
0,3.9678900357203615,0.957,0.078,0,7,SPC25
0,3.9532593161349237,0.98,0.178,0,7,HIST1H2AH
0,3.913468295322682,0.911,0.072,0,7,CKAP2L
0,3.8925604969468477,0.982,0.119,0,7,CDK1
0,3.8826861106702495,0.954,0.086,0,7,ESCO2
0,3.8430803069882025,0.796,0.048,0,7,E2F8
0,3.8125159440911145,0.94,0.09,0,7,CDCA2
0,3.806784211422164,0.975,0.115,0,7,KIFC1
0,3.8049500884052696,0.966,0.1,0,7,PKMYT1
0,3.794221184991384,0.944,0.086,0,7,CDCA5
0,3.785387287693112,1,0.928,0,7,HIST1H4C
0,3.742161245915842,0.332,0.015,0,7,FBXO43
0,3.7351987140129164,1,0.22,0,7,RRM2
0,3.73123344826677,0.996,0.226,0,7,TOP2A
0,3.730110795926002,0.893,0.063,0,7,HJURP
0,3.7072360190433935,0.356,0.021,0,7,NRGN
0,3.670596241886297,0.955,0.093,0,7,GTSE1
0,3.663081817940556,0.694,0.04,0,7,PBK
0,3.6428069351898307,0.321,0.018,0,7,PSRC1
0,3.6343062100166494,0.864,0.086,0,7,GGH
0,3.6194579644891176,0.999,0.376,0,7,HIST1H1B
0,3.5906254237596626,0.613,0.363,0,8,LINC02694
0,2.9586415210297936,0.355,0.227,0,8,DEC1
0,2.867998966886504,0.468,0.314,0,8,PAM
0,2.823644937770227,0.33,0.208,0,8,ZSWIM6
0,2.7829208283367173,0.305,0.199,0,8,EXT1
0,2.7578770472867222,0.638,0.455,0,8,NCALD
0,2.7510108772921322,0.287,0.168,0,8,TGFBR3
0,2.7305247687265766,0.321,0.183,0,8,PRKY
0,2.722945645323292,0.839,0.682,0,8,ATXN1
0,2.7177567760982244,0.588,0.425,0,8,ARL15
0,2.6994265637446966,0.871,0.704,0,8,CHST11
0,2.6906162441529657,0.576,0.427,0,8,BCAS3
0,2.6663947792301537,0.913,0.841,0,8,NEAT1
0,2.6564675712636516,0.278,0.169,0,8,CATSPERB
0,2.6488456397937066,0.396,0.245,0,8,FNDC3B
0,2.6324187965329116,0.511,0.354,0,8,MEAK7
0,2.6070591563954943,0.593,0.439,0,8,XYLT1
0,2.606626833816832,0.529,0.367,0,8,GRAMD1B
0,2.6007086489474753,0.663,0.487,0,8,MSI2
0,2.585237210836178,0.418,0.307,0,8,RFX3
0,2.582658083977094,0.517,0.4,0,8,PHF21A
0,2.573854103758908,0.339,0.25,0,8,HIF1A-AS3
0,2.5724376991188955,0.651,0.499,0,8,FTX
0,2.572022497607724,0.593,0.427,0,8,CMIP
0,2.558575649038013,0.268,0.165,0,8,KSR1
0,3.7618681893878447,0.401,0.059,0,9,DPF3
0,3.6520782977933335,0.779,0.215,0,9,CENPP
0,3.5649698876937284,0.393,0.066,0,9,WDR62
0,3.474232848268717,0.564,0.115,0,9,POLQ
0,3.414620509950491,0.624,0.164,0,9,DIAPH3
0,3.275354953579915,0.444,0.098,0,9,CIT
0,3.189512459849407,0.335,0.076,0,9,KIF18B
0,3.1872614802206876,0.431,0.088,0,9,PRR11
0,3.177264310720858,0.266,0.057,0,9,ESPL1
0,3.1562489652997074,0.543,0.133,0,9,C21orf58
0,3.1222053083422447,0.406,0.092,0,9,E2F7
0,3.1128782564539303,0.53,0.122,0,9,MELK
0,3.106049747423558,0.414,0.096,0,9,AP001347.1
0,3.1052527852118144,0.481,0.122,0,9,FANCC
0,3.1017746531870602,0.483,0.118,0,9,FANCA
0,3.077636618509259,0.639,0.186,0,9,BRIP1
0,3.07043503634872,0.476,0.091,0,9,SETBP1
0,3.0578493898250043,0.421,0.117,0,9,ARHGAP11B
0,3.0321690478179035,0.464,0.11,0,9,STIL
0,3.03132031070214,0.562,0.142,0,9,POLE
0,3.01033575218714,0.313,0.069,0,9,RECQL4
0,3.0075207891549716,0.644,0.168,0,9,KNTC1
0,2.9773827954651644,0.624,0.188,0,9,LRP8
0,2.958657832753758,0.266,0.066,0,9,SAPCD2
0,2.9558959690019577,0.635,0.173,0,9,ASPM
0,4.896122541399963,0.909,0.098,0,10,CDC20
0,4.344966018463099,0.84,0.127,0,10,CCNB1
0,4.218139849654144,0.879,0.12,0,10,CCNB2
0,3.9682871471292893,0.835,0.082,0,10,TROAP
0,3.9452452524912016,0.716,0.083,0,10,PLK1
0,3.9425173827397284,0.479,0.044,0,10,KIF20A
0,3.742811456147302,0.391,0.039,0,10,NEK2
0,3.6739794375863837,0.986,0.287,0,10,PTTG1
0,3.562191238823546,0.623,0.091,0,10,CENPA
0,3.497745728535842,0.369,0.045,0,10,DEPDC1
0,3.493113652202164,0.857,0.12,0,10,DLGAP5
0,3.3417149550962892,0.931,0.139,0,10,BIRC5
0,3.3018275406183095,0.76,0.125,0,10,HMMR
0,3.2924763523432574,0.807,0.172,0,10,ASPM
0,3.226979905258413,0.887,0.162,0,10,CDKN3
0,3.2252248269735913,0.256,0.03,0,10,PSRC1
0,3.201027647548153,0.306,0.036,0,10,FAM72B
0,3.1855097778976647,0.868,0.142,0,10,CEP55
0,3.1838324464784304,0.521,0.095,0,10,AURKA
0,3.1762461205794517,0.672,0.1,0,10,KIF14
0,3.079329470274932,0.62,0.086,0,10,PRR11
0,3.0020237401605434,0.956,0.267,0,10,CENPF
0,2.956015282277929,0.884,0.252,0,10,TPX2
0,2.891636606434734,0.895,0.191,0,10,HMGB3
0,2.848980635989011,0.705,0.141,0,10,NUF2
0,6.3015532490989,0.357,0.033,0,11,CSF2
0,6.242534823654871,0.289,0.01,0,11,NR4A3
0,6.0310070034529,0.418,0.016,0,11,EBI3
0,5.418593845134458,0.394,0.023,0,11,GNG4
0,5.154919796667732,0.426,0.02,0,11,TNFRSF9
0,4.5563315239202735,0.426,0.035,0,11,EGR2
0,4.382985153518809,0.398,0.115,0,11,XCL1
0,4.382937284209348,0.635,0.08,0,11,TNFRSF18
0,4.313861119816828,0.631,0.104,0,11,TNFRSF4
0,4.285471909081974,0.458,0.145,0,11,CRTAM
0,4.237962302374701,0.353,0.081,0,11,IFNG
0,4.098867237658712,0.369,0.048,0,11,GNG8
0,3.9484974130054233,0.369,0.034,0,11,SHF
0,3.8890629127028546,0.41,0.038,0,11,NAB2
0,3.8330206901493877,0.43,0.081,0,11,SDC4
0,3.8261945921105154,0.775,0.283,0,11,MIR155HG
0,3.637864245135737,0.361,0.065,0,11,FASLG
0,3.47383033920479,0.369,0.134,0,11,NFKBID
0,3.4319208374210577,0.277,0.041,0,11,SEMA4A
0,3.2674449116698496,0.402,0.044,0,11,SLC41A2
0,3.2490788241626367,0.606,0.444,0,11,GZMB
0,3.240462395454794,0.345,0.12,0,11,COL6A2
0,3.1944035030520537,0.747,0.19,0,11,PHLDA1
0,3.180543120757798,0.269,0.071,0,11,NR4A2
0,3.051163695901407,0.454,0.107,0,11,PTGIR
